operator,points,ad_hoc,tariff,card,contactless,power,status,hours,energy,phone,parking,idle_fee,met_of_10,snapshot
Vattenfall InCharge,48714,0.0,97.5,0.0,0.0,100.0,94.8,99.9,100.0,0.0,0.0,0.0,5,2026-10-07
EQUANS,24685,0.0,100.0,0.0,0.0,0.0,98.5,100.0,56.0,0.0,0.0,0.0,3,2026-10-07
TotalEnergies,19329,0.0,2.0,21.1,0.0,99.8,96.2,100.0,75.0,0.0,0.0,0.0,3,2026-10-07
Allego,18548,0.0,100.0,99.0,0.0,0.0,98.5,100.0,93.8,0.0,0.0,67.2,5,2026-10-07
E-Flux by Road,14366,0.0,97.0,0.0,0.0,100.0,94.3,5.0,0.0,0.0,0.0,1.4,3,2026-10-07
Qwello Benelux BV,12695,100.0,100.0,0.4,0.0,100.0,100.0,100.0,0.0,0.0,0.0,100.0,5,2026-10-07
Eneco,8323,0.0,100.0,1.8,0.0,74.9,75.9,100.0,0.0,0.0,0.0,0.0,2,2026-10-07
Laadnet,5863,0.0,91.6,91.7,0.0,100.0,99.9,99.9,100.0,0.0,0.0,91.6,6,2026-10-07
Ubitricity,3698,0.0,99.7,0.0,0.0,100.0,98.8,100.0,100.0,0.0,0.0,0.0,5,2026-10-07
AGO,2580,0.0,0.0,0.0,0.0,100.0,93.1,0.0,0.0,0.0,0.0,0.0,2,2026-10-07
Opcharge,2034,0.0,99.9,0.0,0.0,98.0,99.8,100.0,0.0,0.0,0.0,99.9,4,2026-10-07
Pluq,2025,0.0,100.0,0.0,0.0,100.0,91.4,0.1,0.0,0.0,0.0,0.0,3,2026-10-07
Q-Park Netherlands,1908,0.0,99.1,96.1,0.0,100.0,86.7,100.0,100.0,0.0,0.0,0.0,5,2026-10-07
CCH,1732,0.0,100.0,99.1,0.0,100.0,100.0,100.0,100.0,0.0,0.0,98.8,6,2026-10-07
e-VOLTT,1581,0.0,100.0,13.7,0.0,0.0,90.3,11.0,10.8,0.0,0.0,100.0,2,2026-10-07
Fastned,1223,0.0,100.0,40.3,0.0,100.0,99.4,100.0,100.0,0.0,0.0,0.0,5,2026-10-07
IP Charging,1042,0.0,100.0,82.3,0.0,0.0,94.2,50.8,50.8,0.0,0.0,100.0,2,2026-10-07
DAEN Mobility,953,0.0,100.0,0.0,0.0,100.0,99.8,100.0,100.0,0.0,0.0,0.0,5,2026-10-07
Tesla,940,0.0,100.0,0.0,0.0,100.0,99.4,100.0,0.0,0.0,0.0,0.0,4,2026-10-07
Shell Recharge,828,0.0,100.0,0.0,0.0,100.0,95.2,100.0,0.0,0.0,0.0,0.0,4,2026-10-07
Heijmans,734,0.0,100.0,0.0,0.0,100.0,98.2,0.3,0.0,0.0,0.0,0.0,3,2026-10-07
Valk Energy,593,0.0,100.0,0.0,0.0,100.0,93.8,0.0,0.0,0.0,0.0,0.0,3,2026-10-07
SGM,530,0.0,89.4,0.0,0.0,99.8,98.7,100.0,0.0,0.0,0.0,89.4,3,2026-10-07
ChargePoint,514,0.0,100.0,100.0,0.0,100.0,86.6,100.0,100.0,0.0,0.0,6.4,5,2026-10-07
