rank_share,code,name,share,pop,private_cars,ev_estimate,stations,charge_points,fast_hubs,points_per_100_ev,points_per_1000_res
1,GM0277,Rozendaal,28.0,1837.0,1010.0,283,11,24,0,8.5,13.1
2,GM0417,Laren,25.1,11547.0,6379.0,1602,52,143,2,8.9,12.4
3,GM0362,Amstelveen,24.8,95840.0,34685.0,8610,707,1803,1,20.9,18.8
4,GM0376,Blaricum,24.8,12938.0,6938.0,1722,44,86,0,5.0,6.6
5,GM1926,Pijnacker-Nootdorp,23.6,58741.0,25445.0,6011,308,735,3,12.2,12.5
6,GM0377,Bloemendaal,23.3,23554.0,11847.0,2766,102,198,0,7.2,8.4
7,GM0579,Oegstgeest,22.9,26095.0,10896.0,2491,198,390,1,15.7,14.9
8,GM0034,Almere,22.6,232619.0,94492.0,21318,1400,3359,18,15.8,14.4
9,GM0613,Albrandswaard,22.4,26559.0,12456.0,2795,187,401,3,14.3,15.1
10,GM0397,Heemstede,22.3,27556.0,12784.0,2854,155,316,0,11.1,11.5
11,GM0437,Ouder-Amstel,22.1,14525.0,5870.0,1295,105,258,2,19.9,17.8
12,GM0489,Barendrecht,22.1,48701.0,22192.0,4908,362,847,9,17.3,17.4
13,GM0629,Wassenaar,22.1,27975.0,13240.0,2921,176,373,1,12.8,13.3
14,GM0321,Houten,21.8,50952.0,21935.0,4773,297,716,6,15.0,14.1
15,GM0385,Edam-Volendam,21.8,37126.0,15308.0,3338,169,329,0,9.9,8.9
16,GM0384,Diemen,21.6,33327.0,10193.0,2206,172,591,3,26.8,17.7
17,GM1621,Lansingerland,21.6,66633.0,30749.0,6655,435,982,1,14.8,14.7
18,GM0184,Urk,21.4,22431.0,7617.0,1629,63,141,0,8.7,6.3
19,GM0415,Landsmeer,21.4,11685.0,5479.0,1172,54,124,1,10.6,10.6
20,GM0312,Bunnik,21.0,16402.0,7300.0,1531,68,223,5,14.6,13.6
21,GM1942,Gooise Meren,20.7,61213.0,28114.0,5818,354,882,9,15.2,14.4
22,GM0394,Haarlemmermeer,20.6,166978.0,76665.0,15763,797,2223,25,14.1,13.3
23,GM0637,Zoetermeer,20.5,130836.0,57326.0,11736,655,1796,6,15.3,13.7
24,GM0547,Leiderdorp,20.2,27973.0,12010.0,2430,201,482,5,19.8,17.2
25,GM0399,Heiloo,20.1,24613.0,11728.0,2356,116,234,3,9.9,9.5
26,GM0531,Hendrik-Ido-Ambacht,19.8,33100.0,14689.0,2905,187,406,2,14.0,12.3
27,GM0852,Waterland,19.8,17721.0,8119.0,1604,76,176,2,11.0,9.9
28,GM0866,Waalre,19.8,17864.0,9505.0,1881,81,157,1,8.3,8.8
29,GM0451,Uithoorn,19.7,32204.0,15001.0,2961,135,284,1,9.6,8.8
30,GM0355,Zeist,19.6,66648.0,28640.0,5613,357,864,4,15.4,13.0
31,GM0603,Rijswijk,19.6,61857.0,23585.0,4630,274,897,8,19.4,14.5
32,GM0736,De Ronde Venen,19.5,45749.0,23831.0,4654,230,481,1,10.3,10.5
33,GM0431,Oostzaan,19.4,9778.0,4846.0,939,46,181,5,19.3,18.5
34,GM1992,Voorne aan Zee,19.4,75012.0,40118.0,7794,422,920,4,11.8,12.3
35,GM1525,Teylingen,19.3,38739.0,18172.0,3505,173,399,1,11.4,10.3
36,GM1581,Utrechtse Heuvelrug,19.3,51107.0,25167.0,4861,175,363,4,7.5,7.1
37,GM1892,Zuidplas,19.3,49291.0,23309.0,4499,274,646,6,14.4,13.1
38,GM1916,Leidschendam-Voorburg,19.3,78916.0,32148.0,6192,390,946,0,15.3,12.0
39,GM0310,De Bilt,19.2,43687.0,20423.0,3923,190,417,6,10.6,9.5
40,GM0820,"Nuenen, Gerwen en Nederwetten",19.2,24473.0,13024.0,2502,108,206,0,8.2,8.4
41,GM1904,Stichtse Vecht,19.2,66196.0,32098.0,6149,272,663,6,10.8,10.0
42,GM0627,Waddinxveen,19.1,35542.0,16073.0,3066,216,452,3,14.7,12.7
43,GM0383,Castricum,19.0,37077.0,17620.0,3348,190,431,1,12.9,11.6
44,GM0050,Zeewolde,18.9,24612.0,12577.0,2380,130,285,1,12.0,11.6
45,GM1842,Midden-Delfland,18.9,19355.0,8999.0,1696,136,362,4,21.3,18.7
46,GM0358,Aalsmeer,18.8,33459.0,16083.0,3028,232,501,4,16.5,15.0
47,GM1930,Nissewaard,18.8,89112.0,41013.0,7694,501,1138,3,14.8,12.8
48,GM0638,Zoeterwoude,18.7,10355.0,4599.0,860,23,128,0,14.9,12.4
49,GM0845,Sint-Michielsgestel,18.7,30191.0,15985.0,2988,111,274,0,9.2,9.1
50,GM0848,Son en Breugel,18.7,18140.0,9663.0,1802,82,190,2,10.5,10.5
51,GM0439,Purmerend,18.6,96182.0,42625.0,7947,416,902,13,11.4,9.4
52,GM0626,Voorschoten,18.6,25975.0,11530.0,2141,131,280,1,13.1,10.8
53,GM0865,Vught,18.6,33202.0,15657.0,2905,218,490,1,16.9,14.8
54,GM0944,Mook en Middelaar,18.6,8192.0,4758.0,884,41,84,0,9.5,10.3
55,GM1696,Wijdemeren,18.6,24672.0,13765.0,2566,128,261,0,10.2,10.6
56,GM0406,Huizen,18.5,41287.0,20753.0,3846,192,428,1,11.1,10.4
57,GM0502,Capelle aan den IJssel,18.5,69698.0,28907.0,5356,361,1023,5,19.1,14.7
58,GM0575,Noordwijk,18.5,46453.0,22503.0,4166,196,492,1,11.8,10.6
59,GM1783,Westland,18.5,118874.0,53919.0,10000,605,1468,5,14.7,12.3
60,GM0484,Alphen aan den Rijn,18.4,117284.0,54268.0,9961,701,1546,3,15.5,13.2
61,GM0861,Veldhoven,18.4,47918.0,23567.0,4333,251,663,1,15.3,13.8
62,GM0342,Soest,18.3,47853.0,24448.0,4475,223,508,3,11.4,10.6
63,GM0995,Lelystad,18.3,85781.0,37885.0,6941,325,807,12,11.6,9.4
64,GM0353,IJsselstein,18.2,33171.0,14922.0,2721,176,357,1,13.1,10.8
65,GM0402,Hilversum,18.2,94595.0,38113.0,6929,320,890,4,12.8,9.4
66,GM0518,Den Haag,18.2,569468.0,178216.0,32512,3562,11897,19,36.6,20.9
67,GM0537,Katwijk,18.2,67149.0,26350.0,4805,426,868,1,18.1,12.9
68,GM0632,Woerden,18.2,54199.0,23636.0,4296,337,738,4,17.2,13.6
69,GM0824,Oisterwijk,18.1,33356.0,17356.0,3136,147,331,0,10.6,9.9
70,GM0317,Eemnes,18.0,10065.0,5391.0,973,69,190,3,19.5,18.9
71,GM0356,Nieuwegein,18.0,68257.0,29411.0,5281,520,1380,10,26.1,20.2
72,GM0503,Delft,18.0,110089.0,32872.0,5927,457,1086,3,18.3,9.9
73,GM0216,Culemborg,17.9,30413.0,13777.0,2464,240,486,0,19.7,16.0
74,GM0226,Duiven,17.9,24852.0,13008.0,2332,132,365,2,15.7,14.7
75,GM0753,Best,17.9,31699.0,16072.0,2872,151,442,2,15.4,13.9
76,GM1730,Tynaarlo,17.9,35116.0,18829.0,3361,62,165,2,4.9,4.7
77,GM0274,Renkum,17.8,31356.0,16535.0,2949,47,115,1,3.9,3.7
78,GM0307,Amersfoort,17.8,163764.0,67275.0,11981,747,1929,9,16.1,11.8
79,GM0363,Amsterdam,17.8,941927.0,224005.0,39838,1958,7979,22,20.0,8.5
80,GM0373,Bergen (Noord-Holland),17.8,29653.0,15930.0,2836,195,417,3,14.7,14.1
81,GM0556,Maassluis,17.8,37125.0,16297.0,2895,193,411,2,14.2,11.1
82,GM1963,Hoeksche Waard,17.8,91445.0,46939.0,8366,510,1110,6,13.3,12.1
83,GM0289,Wageningen,17.7,42779.0,14084.0,2498,171,392,0,15.7,9.2
84,GM0327,Leusden,17.7,32287.0,15804.0,2793,158,382,6,13.7,11.8
85,GM1884,Kaag en Braassem,17.7,29467.0,15011.0,2656,161,320,0,12.0,10.9
86,GM1901,Bodegraven-Reeuwijk,17.7,37291.0,17439.0,3088,212,480,4,15.5,12.9
87,GM0303,Dronten,17.6,45443.0,23192.0,4071,146,340,5,8.4,7.5
88,GM0396,Heemskerk,17.6,39529.0,19024.0,3347,158,356,7,10.6,9.0
89,GM0590,Papendrecht,17.6,32267.0,15411.0,2707,212,440,2,16.3,13.6
90,GM0244,Hattem,17.5,12822.0,6407.0,1124,57,120,0,10.7,9.4
91,GM0308,Baarn,17.5,25435.0,11995.0,2097,94,185,0,8.8,7.3
92,GM0546,Leiden,17.5,130328.0,39053.0,6838,678,1570,0,23.0,12.0
93,GM0798,Hilvarenbeek,17.5,16315.0,9209.0,1609,60,122,0,7.6,7.5
94,GM0473,Zandvoort,17.4,17335.0,7822.0,1363,60,130,0,9.5,7.5
95,GM0668,West Maas en Waal,17.4,20843.0,12014.0,2092,45,84,0,4.0,4.0
96,GM0252,Heumen,17.3,16978.0,8838.0,1532,81,160,2,10.4,9.4
97,GM0340,Rhenen,17.3,20457.0,10243.0,1774,66,165,0,9.3,8.1
98,GM0344,Utrecht,17.3,378121.0,111813.0,19396,1351,4548,9,23.4,12.0
99,GM0345,Veenendaal,17.3,70779.0,31017.0,5363,348,827,3,15.4,11.7
100,GM0597,Ridderkerk,17.3,48084.0,22208.0,3847,279,667,5,17.3,13.9
101,GM1980,Dijk en Waard,17.3,91411.0,44439.0,7698,389,851,10,11.1,9.3
102,GM0209,Beuningen,17.2,26868.0,14259.0,2450,109,197,0,8.0,7.3
103,GM0777,Etten-Leur,17.2,46117.0,22555.0,3882,235,531,2,13.7,11.5
104,GM1705,Lingewaard,17.2,47802.0,24705.0,4248,224,443,0,10.4,9.3
105,GM0392,Haarlem,17.1,168898.0,60481.0,10323,533,1220,10,11.8,7.2
106,GM0450,Uitgeest,17.1,13489.0,6538.0,1117,93,186,0,16.7,13.8
107,GM1945,Berg en Dal,17.1,35700.0,18681.0,3189,102,220,0,6.9,6.2
108,GM0147,Borne,17.0,25038.0,12448.0,2111,104,213,0,10.1,8.5
109,GM0770,Eersel,17.0,20537.0,11485.0,1956,129,240,1,12.3,11.7
110,GM0569,Nieuwkoop,16.9,29728.0,15557.0,2635,207,430,0,16.3,14.5
111,GM0826,Oosterhout,16.8,58726.0,29927.0,5040,333,912,8,18.1,15.5
112,GM0880,Wormerland,16.8,16328.0,8083.0,1360,69,133,0,9.8,8.1
113,GM1903,Eijsden-Margraten,16.8,26350.0,14617.0,2456,91,218,2,8.9,8.3
114,GM1931,Krimpenerwaard,16.8,57898.0,27792.0,4667,280,619,0,13.3,10.7
115,GM0263,Maasdriel,16.7,26225.0,13986.0,2341,96,185,0,7.9,7.1
116,GM0405,Hoorn,16.6,76202.0,33477.0,5557,316,712,7,12.8,9.3
117,GM0796,'s-Hertogenbosch,16.6,162295.0,72778.0,12087,1069,2755,7,22.8,17.0
118,GM1734,Overbetuwe,16.6,49266.0,25453.0,4223,216,466,2,11.0,9.5
119,GM0335,Montfoort,16.5,13795.0,6783.0,1116,59,109,0,9.8,7.9
120,GM0938,Meerssen,16.5,18454.0,10335.0,1702,60,121,2,7.1,6.6
121,GM0228,Ede,16.4,125331.0,56750.0,9314,618,1427,6,15.3,11.4
122,GM0606,Schiedam,16.4,81931.0,31129.0,5111,379,934,4,18.3,11.4
123,GM0784,Gilze en Rijen,16.4,28437.0,14071.0,2305,129,307,5,13.3,10.8
124,GM0296,Wijchen,16.3,42106.0,21922.0,3579,202,442,0,12.3,10.5
125,GM0352,Wijk bij Duurstede,16.3,23707.0,12396.0,2021,26,44,0,2.2,1.9
126,GM0622,Vlaardingen,16.3,77480.0,32119.0,5232,383,862,5,16.5,11.1
127,GM0758,Breda,16.3,190204.0,83869.0,13646,1513,3479,11,25.5,18.3
128,GM0785,Goirle,16.3,24886.0,12482.0,2034,129,274,0,13.5,11.0
129,GM0214,Buren,16.2,28095.0,16323.0,2641,99,221,1,8.4,7.9
130,GM0513,Gouda,16.2,77818.0,29290.0,4748,340,814,5,17.1,10.5
131,GM0534,Hillegom,16.2,23078.0,11387.0,1848,84,167,0,9.0,7.2
132,GM0766,Dongen,16.2,27673.0,14640.0,2376,186,368,1,15.5,13.3
133,GM0772,Eindhoven,16.2,249783.0,98769.0,15976,1274,3456,9,21.6,13.8
134,GM0986,Voerendaal,16.2,12432.0,7269.0,1179,47,103,0,8.7,8.3
135,GM1658,Heeze-Leende,16.2,17281.0,9629.0,1560,60,151,0,9.7,8.7
136,GM1771,Geldrop-Mierlo,16.2,40683.0,20618.0,3339,184,396,1,11.9,9.7
137,GM0313,Bunschoten,16.1,22905.0,9531.0,1537,84,197,0,12.8,8.6
138,GM0553,Lisse,16.1,23842.0,11896.0,1921,72,162,2,8.4,6.8
139,GM0642,Zwijndrecht,16.1,44819.0,20749.0,3346,281,595,1,17.8,13.3
140,GM1640,Leudal,16.1,36099.0,21460.0,3454,116,235,1,6.8,6.5
141,GM1641,Maasgouw,16.1,24377.0,14371.0,2308,72,173,0,7.5,7.1
142,GM1719,Drimmelen,16.1,28402.0,15091.0,2437,163,310,0,12.7,10.9
143,GM1729,Gulpen-Wittem,16.1,13945.0,8244.0,1328,66,140,0,10.5,10.0
144,GM0262,Lochem,16.0,34213.0,19754.0,3160,122,279,1,8.8,8.2
145,GM0512,Gorinchem,16.0,39060.0,17117.0,2745,193,500,3,18.2,12.8
146,GM0794,Helmond,16.0,96860.0,46306.0,7402,349,779,2,10.5,8.0
147,GM0797,Heusden,16.0,46689.0,25024.0,4003,220,475,1,11.9,10.2
148,GM0873,Woensdrecht,16.0,22301.0,12404.0,1980,95,225,1,11.4,10.1
149,GM1676,Schouwen-Duiveland,16.0,34409.0,18944.0,3026,227,608,3,20.1,17.7
150,GM1680,Aa en Hunze,16.0,26062.0,15373.0,2453,58,125,4,5.1,4.8
151,GM0453,Velsen,15.9,70361.0,33059.0,5273,269,695,9,13.2,9.9
152,GM0479,Zaanstad,15.9,165201.0,68017.0,10836,622,1581,8,14.6,9.6
153,GM0505,Dordrecht,15.9,122991.0,51568.0,8217,830,1964,10,23.9,16.0
154,GM1709,Moerdijk,15.9,38467.0,21090.0,3350,272,754,7,22.5,19.6
155,GM1960,West Betuwe,15.9,53445.0,28241.0,4490,276,670,7,14.9,12.5
156,GM1961,Vijfheerenlanden,15.9,63246.0,30394.0,4823,266,690,6,14.3,10.9
157,GM0193,Zwolle,15.8,134147.0,53807.0,8503,846,2214,8,26.0,16.5
158,GM0225,Druten,15.8,20019.0,10624.0,1681,73,173,0,10.3,8.6
159,GM0498,Drechterland,15.8,20550.0,10602.0,1671,51,104,3,6.2,5.1
160,GM0589,Oudewater,15.8,10513.0,5021.0,793,35,65,0,8.2,6.2
161,GM0779,Geertruidenberg,15.8,21914.0,11474.0,1810,158,375,0,20.7,17.1
162,GM1655,Halderberge,15.8,31484.0,16985.0,2682,111,262,2,9.8,8.3
163,GM1721,Bernheze,15.8,32947.0,17624.0,2788,112,259,2,9.3,7.9
164,GM0599,Rotterdam,15.7,673804.0,216400.0,33980,3994,10930,34,32.2,16.2
165,GM0889,Beesel,15.7,13579.0,7318.0,1147,39,79,0,6.9,5.8
166,GM0984,Venray,15.7,45108.0,23426.0,3679,193,466,3,12.7,10.3
167,GM1695,Noord-Beveland,15.7,8067.0,4843.0,759,82,161,1,21.2,20.0
168,GM0189,Wierden,15.6,25547.0,13524.0,2113,109,235,0,11.1,9.2
169,GM0299,Zevenaar,15.6,45570.0,24255.0,3772,157,342,2,9.1,7.5
170,GM0351,Woudenberg,15.6,15099.0,7172.0,1116,20,61,2,5.5,4.0
171,GM0375,Beverwijk,15.6,43052.0,19826.0,3085,164,387,4,12.5,9.0
172,GM0542,Krimpen aan den IJssel,15.6,29864.0,13079.0,2043,163,365,1,17.9,12.2
173,GM1669,Roerdalen,15.6,20995.0,12547.0,1953,56,128,0,6.6,6.1
174,GM0267,Nijkerk,15.5,46283.0,22316.0,3464,280,616,0,17.8,13.3
175,GM0361,Alkmaar,15.5,113196.0,49390.0,7650,584,1430,26,18.7,12.6
176,GM1701,Westerveld,15.5,20035.0,11860.0,1840,73,145,1,7.9,7.2
177,GM0233,Ermelo,15.4,28199.0,14026.0,2162,133,290,0,13.4,10.3
178,GM0823,Oirschot,15.4,19801.0,11118.0,1717,96,251,3,14.6,12.7
179,GM0957,Roermond,15.4,61431.0,29603.0,4570,253,650,1,14.2,10.6
180,GM0200,Apeldoorn,15.3,169212.0,79315.0,12147,661,1633,13,13.4,9.7
181,GM0828,Oss,15.3,95549.0,47898.0,7347,369,806,4,11.0,8.4
182,GM0840,Rucphen,15.3,23973.0,13758.0,2107,43,112,3,5.3,4.7
183,GM0888,Beek,15.3,16141.0,9408.0,1438,69,175,2,12.2,10.8
184,GM0935,Maastricht,15.3,126026.0,45213.0,6923,532,1477,8,21.3,11.7
185,GM0301,Zutphen,15.2,49292.0,22773.0,3467,193,404,2,11.7,8.2
186,GM0664,Goes,15.2,40387.0,19770.0,3003,124,360,7,12.0,8.9
187,GM0678,Kapelle,15.2,13186.0,6959.0,1060,63,157,0,14.8,11.9
188,GM0748,Bergen op Zoom,15.2,70692.0,33874.0,5158,355,832,1,16.1,11.8
189,GM0809,Loon op Zand,15.2,24111.0,13221.0,2009,305,871,0,43.4,36.1
190,GM0994,Valkenburg aan de Geul,15.2,16481.0,8995.0,1368,59,127,0,9.3,7.7
191,GM1954,Beekdaelen,15.2,35903.0,21730.0,3308,105,236,0,7.1,6.6
192,GM0441,Schagen,15.1,48778.0,25583.0,3851,199,454,2,11.8,9.3
193,GM0855,Tilburg,15.1,230746.0,98653.0,14849,1325,3089,13,20.8,13.4
194,GM1659,Laarbeek,15.1,23541.0,12776.0,1927,91,175,0,9.1,7.4
195,GM1924,Goeree-Overflakkee,15.1,52798.0,27583.0,4168,299,644,6,15.5,12.2
196,GM0106,Assen,15.0,70769.0,33219.0,4972,148,503,7,10.1,7.1
197,GM0202,Arnhem,15.0,171822.0,66903.0,10057,722,1849,15,18.4,10.8
198,GM0293,Westervoort,15.0,15253.0,7671.0,1151,50,101,0,8.8,6.6
199,GM1598,Koggenland,15.0,24214.0,12698.0,1899,85,183,2,9.6,7.6
200,GM1724,Bergeijk,15.0,19436.0,11071.0,1656,66,137,1,8.3,7.0
201,GM0173,Oldenzaal,14.9,32033.0,15820.0,2351,128,256,0,10.9,8.0
202,GM0988,Weert,14.9,51498.0,25763.0,3844,169,406,3,10.6,7.9
203,GM1955,Montferland,14.9,37014.0,20413.0,3034,96,222,3,7.3,6.0
204,GM0243,Harderwijk,14.8,50655.0,23032.0,3414,373,859,4,25.2,17.0
205,GM0400,Den Helder,14.8,56678.0,26621.0,3929,139,307,0,7.8,5.4
206,GM0420,Medemblik,14.8,46305.0,24173.0,3582,127,314,6,8.8,6.8
207,GM0119,Meppel,14.7,36616.0,17641.0,2589,166,386,3,14.9,10.5
208,GM0268,Nijmegen,14.7,189871.0,70512.0,10369,889,2102,3,20.3,11.1
209,GM0281,Tiel,14.7,42524.0,20452.0,3004,179,508,2,16.9,11.9
210,GM0339,Renswoude,14.7,5908.0,2916.0,428,21,47,0,11.0,8.0
211,GM0715,Terneuzen,14.7,55955.0,30664.0,4504,146,372,2,8.3,6.6
212,GM0858,Valkenswaard,14.7,31920.0,16977.0,2489,124,273,1,11.0,8.6
213,GM1948,Meierijstad,14.7,85236.0,45157.0,6618,415,1054,8,15.9,12.4
214,GM0213,Brummen,14.6,21562.0,12021.0,1751,112,207,0,11.8,9.6
215,GM0482,Alblasserdam,14.6,20250.0,8861.0,1295,117,294,2,22.7,14.5
216,GM0532,Stede Broec,14.6,22445.0,10262.0,1500,57,110,0,7.3,4.9
217,GM0757,Boxtel,14.6,34302.0,16756.0,2445,127,258,4,10.6,7.5
218,GM0847,Someren,14.6,20471.0,11079.0,1621,69,145,1,8.9,7.1
219,GM1674,Roosendaal,14.6,78165.0,38301.0,5585,320,761,4,13.6,9.7
220,GM1991,Maashorst,14.6,60059.0,32108.0,4675,285,658,5,14.1,11.0
221,GM0014,Groningen,14.5,244427.0,80363.0,11654,808,2135,12,18.3,8.7
222,GM0163,Hellendoorn,14.5,36354.0,19207.0,2780,154,339,2,12.2,9.3
223,GM0177,Raalte,14.5,39084.0,20708.0,3008,144,319,0,10.6,8.2
224,GM0331,Lopik,14.5,14802.0,7775.0,1127,39,85,0,7.5,5.7
225,GM0946,Nederweert,14.5,17533.0,10231.0,1485,72,168,2,11.3,9.6
226,GM0971,Stein,14.5,24691.0,14731.0,2135,67,186,3,8.7,7.5
227,GM1740,Neder-Betuwe,14.5,25925.0,12431.0,1797,95,190,2,10.6,7.3
228,GM1911,Hollands Kroon,14.5,50592.0,27553.0,3988,147,327,5,8.2,6.5
229,GM0175,Ommen,14.4,19365.0,10416.0,1503,61,122,3,8.1,6.3
230,GM0222,Doetinchem,14.4,60466.0,30170.0,4340,224,455,2,10.5,7.5
231,GM0275,Rheden,14.4,43849.0,21865.0,3158,154,312,0,9.9,7.1
232,GM0297,Zaltbommel,14.4,30687.0,15111.0,2175,135,405,3,18.6,13.2
233,GM1982,Land van Cuijk,14.4,93645.0,51742.0,7471,332,773,7,10.3,8.3
234,GM0171,Noordoostpolder,14.3,51930.0,25555.0,3655,175,408,6,11.2,7.9
235,GM0279,Scherpenzeel,14.3,10674.0,5183.0,741,81,161,0,21.7,15.1
236,GM0610,Sliedrecht,14.3,26531.0,11437.0,1633,151,323,4,19.8,12.2
237,GM0717,Veere,14.3,22037.0,11987.0,1719,148,399,0,23.2,18.1
238,GM1711,Echt-Susteren,14.3,32385.0,18917.0,2699,121,299,3,11.1,9.2
239,GM1979,Eemsdelta,14.3,44846.0,23802.0,3414,133,335,1,9.8,7.5
240,GM0141,Almelo,14.2,75166.0,35144.0,4986,216,570,3,11.4,7.6
241,GM1699,Noordenveld,14.2,31737.0,17924.0,2543,68,133,2,5.2,4.2
242,GM1714,Sluis,14.2,23199.0,13241.0,1882,105,244,0,13.0,10.5
243,GM1728,Bladel,14.2,21046.0,11836.0,1682,78,179,3,10.6,8.5
244,GM1896,Zwartewaterland,14.2,23733.0,10960.0,1555,111,239,0,15.4,10.1
245,GM0851,Steenbergen,14.1,24596.0,13432.0,1895,122,282,2,14.9,11.5
246,GM0882,Landgraaf,14.1,36844.0,20825.0,2931,149,340,0,11.6,9.2
247,GM1507,Horst aan de Maas,14.1,44821.0,24475.0,3440,167,438,4,12.7,9.8
248,GM1742,Rijssen-Holten,14.1,39274.0,18840.0,2659,149,332,7,12.5,8.5
249,GM0148,Dalfsen,14.0,30264.0,17290.0,2426,91,238,1,9.8,7.9
250,GM0150,Deventer,14.0,105111.0,45891.0,6421,443,1197,6,18.6,11.4
251,GM1883,Sittard-Geleen,14.0,92461.0,49335.0,6912,233,673,3,9.7,7.3
252,GM0168,Losser,13.9,23472.0,12602.0,1753,63,127,0,7.2,5.4
253,GM1773,Olst-Wijhe,13.9,19079.0,10259.0,1424,66,140,0,9.8,7.3
254,GM0072,Harlingen,13.8,16270.0,7684.0,1060,72,207,1,19.5,12.7
255,GM0164,Hengelo,13.8,84045.0,40023.0,5513,290,739,3,13.4,8.8
256,GM0232,Epe,13.8,33786.0,18331.0,2521,102,250,1,9.9,7.4
257,GM0285,Voorst,13.8,25569.0,13400.0,1846,110,238,3,12.9,9.3
258,GM0388,Enkhuizen,13.8,18738.0,8340.0,1147,180,293,1,25.5,15.6
259,GM0523,Hardinxveld-Giessendam,13.8,19402.0,8487.0,1169,72,181,2,15.5,9.3
260,GM0677,Hulst,13.8,27376.0,16236.0,2248,47,107,2,4.8,3.9
261,GM0879,Zundert,13.8,23088.0,12859.0,1769,72,148,0,8.4,6.4
262,GM1708,Steenwijkerland,13.8,45926.0,24663.0,3392,211,455,3,13.4,9.9
263,GM1978,Molenlanden,13.8,45625.0,22669.0,3124,108,280,1,9.0,6.1
264,GM0273,Putten,13.7,25170.0,12670.0,1729,141,294,1,17.0,11.7
265,GM0867,Waalwijk,13.7,51635.0,26493.0,3617,282,621,2,17.2,12.0
266,GM1667,Reusel-De Mierden,13.7,13729.0,7640.0,1049,30,66,0,6.3,4.8
267,GM1731,Midden-Drenthe,13.7,34402.0,19483.0,2664,65,156,3,5.9,4.5
268,GM0047,Veendam,13.6,27825.0,15244.0,2069,26,60,1,2.9,2.2
269,GM0654,Borsele,13.6,23186.0,13198.0,1791,95,254,1,14.2,11.0
270,GM0743,Asten,13.6,17484.0,9336.0,1267,61,135,3,10.7,7.7
271,GM0965,Simpelveld,13.6,10459.0,6083.0,827,37,74,0,8.9,7.1
272,GM1652,Gemert-Bakel,13.6,31806.0,17003.0,2309,103,222,0,9.6,7.0
273,GM1681,Borger-Odoorn,13.6,26162.0,15681.0,2128,51,120,0,5.6,4.6
274,GM1959,Altena,13.6,58946.0,29875.0,4052,152,315,2,7.8,5.3
275,GM0983,Venlo,13.5,104195.0,49639.0,6681,411,1142,5,17.1,11.0
276,GM1690,De Wolden,13.5,24819.0,14653.0,1982,51,113,3,5.7,4.6
277,GM1723,Alphen-Chaam,13.5,10495.0,6412.0,862,42,114,0,13.2,10.9
278,GM1952,Midden-Groningen,13.5,61346.0,34097.0,4603,108,279,7,6.1,4.5
279,GM0302,Nunspeet,13.4,29688.0,14326.0,1918,134,299,4,15.6,10.1
280,GM0687,Middelburg,13.4,50439.0,22714.0,3049,179,461,3,15.1,9.1
281,GM1735,Hof van Twente,13.3,35775.0,20027.0,2657,114,246,1,9.3,6.9
282,GM1894,Peel en Maas,13.3,45816.0,24967.0,3316,128,296,2,8.9,6.5
283,GM0246,Heerde,13.2,19325.0,10645.0,1407,76,166,1,11.8,8.6
284,GM0294,Winterswijk,13.2,29289.0,14731.0,1951,79,167,1,8.6,5.7
285,GM1586,Oost Gelre,13.2,29868.0,16252.0,2152,137,316,2,14.7,10.6
286,GM0080,Leeuwarden,13.1,130162.0,55640.0,7284,363,872,4,12.0,6.7
287,GM0158,Haaksbergen,13.1,24313.0,13477.0,1763,89,198,1,11.2,8.1
288,GM0166,Kampen,13.1,56835.0,24729.0,3235,236,493,4,15.2,8.7
289,GM1966,Het Hogeland,13.1,48073.0,25454.0,3341,99,260,1,7.8,5.4
290,GM0203,Barneveld,13.0,63926.0,29430.0,3815,385,887,6,23.3,13.9
291,GM0899,Brunssum,13.0,27474.0,15522.0,2013,81,177,1,8.8,6.4
292,GM0907,Gennep,13.0,17953.0,9685.0,1255,71,171,0,13.6,9.5
293,GM0074,Heerenveen,12.9,51955.0,26529.0,3415,168,393,5,11.5,7.6
294,GM0153,Enschede,12.9,162683.0,67729.0,8749,517,1260,11,14.4,7.7
295,GM0432,Opmeer,12.9,12669.0,7041.0,908,41,81,2,8.9,6.4
296,GM1876,Bronckhorst,12.9,35983.0,21650.0,2795,99,228,1,8.2,6.3
297,GM1969,Westerkwartier,12.9,65067.0,35558.0,4587,123,291,3,6.3,4.5
298,GM0114,Emmen,12.8,109881.0,58784.0,7541,215,559,4,7.4,5.1
299,GM0221,Doesburg,12.8,11173.0,6037.0,770,53,116,0,15.1,10.4
300,GM0716,Tholen,12.8,27031.0,14127.0,1804,130,320,0,17.7,11.8
301,GM0893,Bergen (Limburg),12.8,13037.0,7911.0,1010,81,157,0,15.5,12.0
302,GM1774,Dinkelland,12.8,26958.0,14659.0,1879,78,178,4,9.5,6.6
303,GM1900,Súdwest-Fryslân,12.7,90521.0,45845.0,5811,92,220,3,3.8,2.4
304,GM1940,De Fryske Marren,12.7,52248.0,28374.0,3589,153,307,3,8.6,5.9
305,GM1895,Oldambt,12.6,39746.0,22107.0,2777,65,109,3,3.9,2.7
306,GM0109,Coevorden,12.5,35729.0,20460.0,2567,79,168,5,6.5,4.7
307,GM0718,Vlissingen,12.5,45878.0,21552.0,2691,134,391,0,14.5,8.5
308,GM1706,Cranendonck,12.5,21101.0,12148.0,1519,51,132,4,8.7,6.3
309,GM1859,Berkelland,12.5,43986.0,25210.0,3148,94,190,5,6.0,4.3
310,GM0762,Deurne,12.4,33596.0,17333.0,2151,138,298,0,13.9,8.9
311,GM1509,Oude IJsselstreek,12.4,39596.0,21877.0,2707,152,302,1,11.2,7.6
312,GM1949,Waadhoeke,12.4,47158.0,25445.0,3148,96,197,1,6.3,4.2
313,GM0096,Vlieland,12.3,1202.0,451.0,56,5,9,0,16.1,7.5
314,GM0183,Tubbergen,12.3,21604.0,12096.0,1493,60,122,0,8.2,5.6
315,GM0448,Texel,12.3,13958.0,7077.0,869,78,142,1,16.3,10.2
316,GM0917,Heerlen,12.2,87764.0,44068.0,5372,350,905,6,16.8,10.3
317,GM0928,Kerkrade,12.2,45824.0,24006.0,2917,189,412,0,14.1,9.0
318,GM0269,Oldebroek,12.1,24535.0,12272.0,1484,82,173,1,11.7,7.1
319,GM1700,Twenterand,11.9,34234.0,18583.0,2218,109,241,3,10.9,7.0
320,GM0160,Hardenberg,11.8,64116.0,34129.0,4033,190,396,3,9.8,6.2
321,GM0230,Elburg,11.7,24039.0,12501.0,1458,127,277,0,19.0,11.5
322,GM0090,Smallingerland,11.6,57188.0,28390.0,3299,169,410,3,12.4,7.2
323,GM0118,Hoogeveen,11.6,56781.0,28737.0,3341,121,326,5,9.8,5.7
324,GM0703,Reimerswaal,11.6,23388.0,11405.0,1325,72,194,5,14.6,8.3
325,GM0755,Boekel,11.6,11686.0,6274.0,725,28,57,0,7.9,4.9
326,GM0085,Ooststellingwerf,11.5,25898.0,14953.0,1717,53,160,0,9.3,6.2
327,GM0981,Vaals,11.5,10106.0,4787.0,550,30,78,0,14.2,7.7
328,GM0737,Tytsjerksteradiel,11.2,32874.0,17907.0,2010,76,164,1,8.2,5.0
329,GM0744,Baarle-Nassau,11.2,7256.0,4266.0,478,24,61,0,12.8,8.4
330,GM0037,Stadskanaal,10.9,32110.0,17510.0,1909,37,89,0,4.7,2.8
331,GM0086,Opsterland,10.9,30068.0,17180.0,1876,86,154,3,8.2,5.1
332,GM1950,Westerwolde,10.8,25267.0,15312.0,1658,33,66,0,4.0,2.6
333,GM0060,Ameland,10.6,3816.0,2016.0,215,36,66,0,30.7,17.3
334,GM0093,Terschelling,10.6,4834.0,2456.0,260,14,35,0,13.5,7.2
335,GM0098,Weststellingwerf,10.6,26622.0,14823.0,1568,46,119,5,7.6,4.5
336,GM0765,Pekela,10.3,12579.0,7252.0,744,9,16,0,2.2,1.3
337,GM0197,Aalten,9.8,27608.0,14767.0,1450,112,237,1,16.3,8.6
338,GM0088,Schiermonnikoog,9.4,972.0,369.0,35,2,4,0,11.4,4.1
339,GM1970,Noardeast-Fryslân,8.9,45935.0,24824.0,2211,76,208,1,9.4,4.5
340,GM0180,Staphorst,8.8,18219.0,9399.0,830,50,127,4,15.3,7.0
341,GM1891,Dantumadiel,8.4,19231.0,10360.0,871,20,34,0,3.9,1.8
342,GM0059,Achtkarspelen,8.2,28254.0,15400.0,1259,52,105,1,8.3,3.7
